Trade number,Type,Date and time,Signal,Price EUR,Size (qty),Size (value),Net PnL USD,Return %,Commission USD,Favorable excursion USD,Favorable excursion %,Adverse excursion USD,Adverse excursion %,Cumulative PnL USD,Cumulative PnL %,Duration (bars)
1,Exit long,2026-06-17 17:20,TP,24891.9,0.1,2485.48,4.31,0.15,0,4.31,0.15,-1.82,-0.06,4.31,0.04,4
1,Entry long,2026-06-17 17:00,NY-LONG-1-1781702100000,24854.8,0.1,2485.48,4.31,0.15,0,4.31,0.15,-1.82,-0.06,4.31,0.04,4
2,Exit long,2026-06-18 10:50,SL,25157.1,0.1,2518.54,-3.26,-0.11,0,0.37,0.01,-3.26,-0.11,1.05,0.01,2
2,Entry long,2026-06-18 10:40,EU-LONG-1-1781766000000,25185.4,0.1,2518.54,-3.26,-0.11,0,0.37,0.01,-3.26,-0.11,1.05,0.01,2
3,Exit long,2026-06-19 12:15,SL,25259.6,0.1,2529.96,-4.58,-0.16,0,1.32,0.05,-4.58,-0.16,-3.53,-0.04,9
3,Entry long,2026-06-19 11:30,EU-LONG-1-1781852400000,25299.6,0.1,2529.96,-4.58,-0.16,0,1.32,0.05,-4.58,-0.16,-3.53,-0.04,9
4,Exit short,2026-06-23 10:55,TP,24948.8,0.1,2500.6,6.54,0.23,0,6.54,0.23,-2.35,-0.08,3.01,0.03,5
4,Entry short,2026-06-23 10:30,EU-SHORT-1-1782198000000,25006,0.1,2500.6,6.54,0.23,0,6.54,0.23,-2.35,-0.08,3.01,0.03,5
5,Exit short,2026-06-25 17:05,SL,25161.1,0.1,2512.53,-4.07,-0.14,0,0,0.00,-4.07,-0.14,-1.06,-0.01,1
5,Entry short,2026-06-25 17:00,NY-SHORT-1-1782393300000,25125.3,0.1,2512.53,-4.07,-0.14,0,0,0.00,-4.07,-0.14,-1.06,-0.01,1
6,Exit short,2026-06-26 11:00,TP,24948.9,0.1,2499.17,4.87,0.17,0,4.87,0.17,-0.39,-0.01,3.81,0.04,0
6,Entry short,2026-06-26 11:00,EU-SHORT-1-1782457200000,24991.7,0.1,2499.17,4.87,0.17,0,4.87,0.17,-0.39,-0.01,3.81,0.04,0
7,Exit short,2026-06-29 11:40,TP,24823.4,0.1,2486.08,4.26,0.15,0,4.26,0.15,-0.09,0.00,8.06,0.08,1
7,Entry short,2026-06-29 11:35,EU-SHORT-1-1782716400000,24860.8,0.1,2486.08,4.26,0.15,0,4.26,0.15,-0.09,0.00,8.06,0.08,1
8,Exit short,2026-06-30 11:20,SL,25015.1,0.1,2498.5,-3.44,-0.12,0,2.79,0.10,-3.44,-0.12,4.62,0.05,4
8,Entry short,2026-06-30 11:00,EU-SHORT-1-1782802800000,24985,0.1,2498.5,-3.44,-0.12,0,2.79,0.10,-3.44,-0.12,4.62,0.05,4
9,Exit long,2026-07-06 11:35,SL,25974.6,0.1,2600.64,-3.64,-0.12,0,1.34,0.04,-3.64,-0.12,0.99,0.01,5
9,Entry long,2026-07-06 11:10,EU-LONG-1-1783321200000,26006.4,0.1,2600.64,-3.64,-0.12,0,1.34,0.04,-3.64,-0.12,0.99,0.01,5
10,Exit short,2026-07-10 11:20,TP,25243.1,0.1,2528.75,5.08,0.18,0,5.08,0.18,-0.01,0.00,6.06,0.06,2
10,Entry short,2026-07-10 11:10,EU-SHORT-1-1783666800000,25287.5,0.1,2528.75,5.08,0.18,0,5.08,0.18,-0.01,0.00,6.06,0.06,2
11,Exit short,2026-07-13 17:50,SL,25226.6,0.1,2519.33,-3.8,-0.13,0,2.99,0.10,-3.8,-0.13,2.26,0.02,5
11,Entry short,2026-07-13 17:25,NY-SHORT-1-1783948500000,25193.3,0.1,2519.33,-3.8,-0.13,0,2.99,0.10,-3.8,-0.13,2.26,0.02,5
12,Exit short,2026-07-14 11:00,SL,25102.6,0.1,2507.3,-3.37,-0.12,0,0.79,0.03,-3.37,-0.12,-1.11,-0.01,2
12,Entry short,2026-07-14 10:50,EU-SHORT-1-1784012400000,25073,0.1,2507.3,-3.37,-0.12,0,0.79,0.03,-3.37,-0.12,-1.11,-0.01,2
13,Exit short,2026-07-20 17:35,SL,24940.1,0.1,2490.77,-3.71,-0.13,0,3.79,0.13,-3.71,-0.13,-4.81,-0.05,4
13,Entry short,2026-07-20 17:15,NY-SHORT-1-1784553300000,24907.7,0.1,2490.77,-3.71,-0.13,0,3.79,0.13,-3.71,-0.13,-4.81,-0.05,4
14,Exit long,2026-07-22 18:40,TP,25299.2,0.1,2525.04,5.56,0.19,0,5.56,0.19,-1.37,-0.05,0.75,0.01,17
14,Entry long,2026-07-22 17:15,NY-LONG-1-1784726100000,25250.4,0.1,2525.04,5.56,0.19,0,5.56,0.19,-1.37,-0.05,0.75,0.01,17
15,Exit short,2026-07-23 16:30,SL,24895.9,0.1,2487.43,-2.46,-0.09,0,0,0.00,-2.46,-0.09,-1.72,-0.02,0
15,Entry short,2026-07-23 16:30,NY-SHORT-1-1784812500000,24874.3,0.1,2487.43,-2.46,-0.09,0,0,0.00,-2.46,-0.09,-1.72,-0.02,0
16,Exit long,2026-07-28 11:00,SL,25552.4,0.1,2558.73,-3.97,-0.14,0,3.37,0.12,-3.97,-0.14,-5.68,-0.06,5
16,Entry long,2026-07-28 10:35,EU-LONG-1-1785222000000,25587.3,0.1,2558.73,-3.97,-0.14,0,3.37,0.12,-3.97,-0.14,-5.68,-0.06,5
17,Exit long,2026-07-29 12:15,SL,25467.9,0.1,2550.04,-3.7,-0.13,0,1.25,0.04,-3.7,-0.13,-9.38,-0.09,3
17,Entry long,2026-07-29 12:00,EU-LONG-1-1785308400000,25500.4,0.1,2550.04,-3.7,-0.13,0,1.25,0.04,-3.7,-0.13,-9.38,-0.09,3
18,Exit long,2026-07-31 11:05,SL,25906.4,0.1,2593.56,-3.37,-0.11,0,3.9,0.13,-3.37,-0.11,-12.75,-0.13,6
18,Entry long,2026-07-31 10:35,EU-LONG-1-1785481200000,25935.6,0.1,2593.56,-3.37,-0.11,0,3.9,0.13,-3.37,-0.11,-12.75,-0.13,6
19,Exit long,2026-07-31 12:00,SL,25898.9,0.1,2593.56,-4.23,-0.14,0,0,0.00,-4.23,-0.14,-16.98,-0.17,5
19,Entry long,2026-07-31 11:35,EU-LONG-2-1785481200000,25935.6,0.1,2593.56,-4.23,-0.14,0,0,0.00,-4.23,-0.14,-16.98,-0.17,5
20,Exit long,2026-08-04 17:35,TP,26330.2,0.1,2628.33,5.4,0.18,0,5.4,0.18,-3.07,-0.10,-11.58,-0.12,9
20,Entry long,2026-08-04 16:50,NY-LONG-1-1785849300000,26283.3,0.1,2628.33,5.4,0.18,0,5.4,0.18,-3.07,-0.10,-11.58,-0.12,9
21,Exit long,2026-08-11 18:10,SL,26502.1,0.1,2651.94,-2,-0.07,0,0.02,0.00,-2,-0.07,-13.58,-0.14,1
21,Entry long,2026-08-11 18:05,NY-LONG-1-1786454100000,26519.4,0.1,2651.94,-2,-0.07,0,0.02,0.00,-2,-0.07,-13.58,-0.14,1
22,Exit short,2026-08-14 12:40,SL,26528.6,0.1,2650.11,-3.17,-0.10,0,1.56,0.05,-3.17,-0.10,-16.75,-0.17,10
22,Entry short,2026-08-14 11:50,EU-SHORT-1-1786690800000,26501.1,0.1,2650.11,-3.17,-0.10,0,1.56,0.05,-3.17,-0.10,-16.75,-0.17,10
23,Exit long,2026-08-25 17:30,SL,26298.6,0.1,2632.05,-2.55,-0.08,0,0,0.00,-2.55,-0.08,-19.31,-0.19,0
23,Entry long,2026-08-25 17:30,NY-LONG-1-1787663700000,26320.5,0.1,2632.05,-2.55,-0.08,0,0,0.00,-2.55,-0.08,-19.31,-0.19,0
24,Exit long,2026-08-26 17:20,SL,26416.5,0.1,2644.85,-3.74,-0.12,0,0.83,0.03,-3.74,-0.12,-23.04,-0.23,3
24,Entry long,2026-08-26 17:05,NY-LONG-1-1787750100000,26448.5,0.1,2644.85,-3.74,-0.12,0,0.83,0.03,-3.74,-0.12,-23.04,-0.23,3
25,Exit short,2026-09-01 11:05,TP,26176.5,0.1,2621.14,4.05,0.13,0,4.05,0.13,-1.82,-0.06,-18.99,-0.19,2
25,Entry short,2026-09-01 10:55,EU-SHORT-1-1788246000000,26211.4,0.1,2621.14,4.05,0.13,0,4.05,0.13,-1.82,-0.06,-18.99,-0.19,2
26,Exit short,2026-09-02 11:10,TP,25881.2,0.1,2590.88,3.2,0.11,0,3.2,0.11,-1.25,-0.04,-15.79,-0.16,2
26,Entry short,2026-09-02 11:00,EU-SHORT-1-1788332400000,25908.8,0.1,2590.88,3.2,0.11,0,3.2,0.11,-1.25,-0.04,-15.79,-0.16,2
27,Exit short,2026-09-02 17:55,TP,25856.7,0.1,2590.35,5.43,0.18,0,5.43,0.18,-3.08,-0.10,-10.36,-0.10,12
27,Entry short,2026-09-02 16:55,NY-SHORT-1-1788354900000,25903.5,0.1,2590.35,5.43,0.18,0,5.43,0.18,-3.08,-0.10,-10.36,-0.10,12
28,Exit short,2026-09-09 18:20,TP,25530.8,0.1,2557.75,5.43,0.18,0,5.43,0.18,-0.71,-0.02,-4.93,-0.05,11
28,Entry short,2026-09-09 17:25,NY-SHORT-1-1788959700000,25577.5,0.1,2557.75,5.43,0.18,0,5.43,0.18,-0.71,-0.02,-4.93,-0.05,11
29,Exit short,2026-09-11 17:30,TP,25518.4,0.1,2556.6,5.53,0.19,0,5.53,0.19,-3.44,-0.12,0.59,0.01,13
29,Entry short,2026-09-11 16:25,NY-SHORT-1-1789132500000,25566,0.1,2556.6,5.53,0.19,0,5.53,0.19,-3.44,-0.12,0.59,0.01,13
30,Exit long,2026-09-17 18:00,SL,25910.6,0.1,2594.08,-3.46,-0.12,0,2.73,0.09,-3.46,-0.12,-2.87,-0.03,13
30,Entry long,2026-09-17 16:55,NY-LONG-1-1789650900000,25940.8,0.1,2594.08,-3.46,-0.12,0,2.73,0.09,-3.46,-0.12,-2.87,-0.03,13
31,Exit long,2026-09-18 17:45,SL,25485.1,0.1,2551.17,-3.05,-0.10,0,0,0.00,-3.05,-0.10,-5.92,-0.06,1
31,Entry long,2026-09-18 17:40,NY-LONG-1-1789737300000,25511.7,0.1,2551.17,-3.05,-0.10,0,0,0.00,-3.05,-0.10,-5.92,-0.06,1
32,Exit short,2026-09-24 17:40,TP,25524.3,0.1,2557.04,5.25,0.18,0,5.25,0.18,-0.36,-0.01,-0.67,-0.01,11
32,Entry short,2026-09-24 16:45,NY-SHORT-1-1790255700000,25570.4,0.1,2557.04,5.25,0.18,0,5.25,0.18,-0.36,-0.01,-0.67,-0.01,11
33,Exit short,2026-09-29 10:25,SL,25588.6,0.1,2555.27,-4.08,-0.14,0,0.13,0.00,-4.08,-0.14,-4.76,-0.05,1
33,Entry short,2026-09-29 10:20,EU-SHORT-1-1790665200000,25552.7,0.1,2555.27,-4.08,-0.14,0,0.13,0.00,-4.08,-0.14,-4.76,-0.05,1
34,Exit short,2026-09-29 11:55,SL,25652.1,0.1,2561.81,-3.87,-0.13,0,5.46,0.19,-3.87,-0.13,-8.62,-0.09,11
34,Entry short,2026-09-29 11:00,EU-SHORT-2-1790665200000,25618.1,0.1,2561.81,-3.87,-0.13,0,5.46,0.19,-3.87,-0.13,-8.62,-0.09,11
35,Exit short,2026-09-29 16:55,TP,25671.2,0.1,2570.18,3.48,0.12,0,3.48,0.12,-0.03,0.00,-5.14,-0.05,1
35,Entry short,2026-09-29 16:50,NY-SHORT-1-1790687700000,25701.8,0.1,2570.18,3.48,0.12,0,3.48,0.12,-0.03,0.00,-5.14,-0.05,1