time,open,high,low,close,Plot,Plot,Plot,Plot,ATR,RSI,RSI-based MA,Regular Bullish,Regular Bullish Label,Regular Bearish,Regular Bearish Label
1726174800,1.10739,1.1102,1.10704,1.10756,,,,,0.005469531212358976,54.31371663398354,55.21355777738757,,,,
1726434000,1.10802,1.11376,1.10757,1.11326,,,,,0.00556692705071111,59.83764299744317,54.45563518642795,,,,
1726520400,1.11328,1.11463,1.11107,1.1114,,,,,0.005299336777282963,57.398779566690976,54.1583678788088,,,,
1726606800,1.1115,1.11892,1.10966,1.11177,,,,,0.005827425206978544,57.7675303447347,54.24795129120207,,,,
1726693200,1.11164,1.11788,1.10686,1.11616,,,,,0.006519768512714743,61.973313421711296,54.883819818864886,,,,
1726779600,1.11632,1.1182,1.11361,1.11636,,,,,0.006262466044352789,62.15820718111043,55.35937242021919,,,62.15820718111043,
1727038800,1.11628,1.11673,1.10832,1.11108,,,,,0.006548803905105755,54.60922513858139,55.53326651201311,,,,
1727125200,1.11153,1.1181,1.11035,1.11797,,,,,0.006708963384425007,61.22670469344239,55.905606341672424,,,,
1727211600,1.11798,1.12142,1.11216,1.1133,,,,,0.007049101599835012,55.33786474164776,55.68124280962265,,,,
1727298000,1.11334,1.11894,1.11258,1.11766,,,,,0.006957221386523696,59.27602445776908,55.956182964954984,,,,
1727384400,1.11766,1.12031,1.11248,1.1164,,,,,0.007073591868320538,57.69279393640832,56.520983093957604,,,,
1727643600,1.11595,1.1209,1.11137,1.11348,,,,,0.007401112952544471,54.08735753632061,56.94638506264148,,,,
1727730000,1.11319,1.11442,1.1046,1.10678,,,,,0.007723631225538533,46.85227361287521,56.91165079877731,,,,
1727816400,1.1069,1.10829,1.10327,1.10452,,,,,0.007363147062133399,44.681121774440385,56.229468288368516,,,,
1727902800,1.10477,1.10496,1.10084,1.10298,,,,,0.006930727453848933,43.211662787774515,55.43646444221073,,,,
1727989200,1.10329,1.10396,1.09514,1.0975,,,,,0.007182630460002415,38.375192845318416,53.90343228848753,,,,
1728248400,1.09678,1.0987,1.09542,1.09748,,,,,0.006662279732002087,38.35831872277434,52.543399371064915,,,,
1728334800,1.09759,1.09973,1.0961,1.09807,,,,,0.006257975767735144,39.207551914114525,51.21768662602061,,,,
1728421200,1.09758,1.0981,1.09362,1.094,,,,,0.00602091233203713,35.56730741902656,49.33154334011455,,,,
1728507600,1.09386,1.09552,1.09001,1.0937,,,,,0.00595279068776553,35.307091239476335,47.41360648714068,,,,
1728594000,1.09293,1.09538,1.09261,1.0937,,,,,0.005528418596063451,35.30709123947635,46.03488263720461,,,,
1728853200,1.09328,1.09367,1.08882,1.09092,,,,,0.00544196278325499,32.73334017391788,43.99964231438143,,,,
1728939600,1.09073,1.09168,1.08819,1.08914,,,,,0.005181701078820991,31.16674791007965,42.27313396926943,,,,
1729026000,1.08922,1.09016,1.08532,1.08618,,,,,0.005136140934978186,28.706377801218963,40.089587779515846,,,,
1729112400,1.08619,1.08742,1.08112,1.08308,,,,,0.005291322143647757,26.359448835065862,37.85149170084852,26.359448835065862,,,
1729198800,1.08303,1.08696,1.08253,1.08674,,,,,0.0051764791911613805,33.29359742685453,36.366223121600946,,,,
1729458000,1.08614,1.08718,1.0811,1.08146,,,,,0.005296948632339874,29.044663451100362,35.094250967188465,,,,
1729544400,1.08155,1.0838,1.07926,1.07988,,,,,0.005196022148027889,27.897329770522717,33.89540868119434,,,,
1729630800,1.07992,1.08068,1.07612,1.07823,,,,,0.00511121919495752,26.71068701217898,32.716767554366086,,,,
1729717200,1.07834,1.08299,1.07704,1.08279,,,,,0.005223056635629837,34.94628336288855,32.47184544847824,,,,
1729803600,1.08266,1.08394,1.0793,1.07962,,,,,0.005145315750879189,32.23450316239942,32.034430051308604,,,,
1730062800,1.0794,1.08277,1.07821,1.08119,,,,,0.00506727365076198,34.92773945962894,31.728729161702493,,,,
1730149200,1.08143,1.08264,1.0769,1.08184,,,,,0.005156970497327059,36.06074437926597,31.763974658862452,,,,
1730235600,1.08164,1.08715,1.0808,1.08566,,,,,0.005316041097683462,42.40729920967762,32.27113237101968,,,,
1730322000,1.08564,1.08882,1.08441,1.08834,,,,,0.005195235617992307,46.425096077784374,33.065275573755976,,,,
1730408400,1.08852,1.09058,1.08318,1.08336,,,,,0.005489204202260009,40.73789771370645,33.63702968374087,,,,
1730671200,1.08819,1.09148,1.08699,1.08769,,,,,0.005839976975291995,46.83614796907457,34.756272545097644,,,,
1730757600,1.08801,1.09366,1.08726,1.09297,,,,,0.005914646711919753,53.165057527761576,36.50332109699355,,,53.165057527761576,
1730844000,1.09292,1.09374,1.06826,1.0729,,,,,0.00852336048366378,35.7456391751261,37.1737632641407,,,,
1730930400,1.07302,1.08248,1.07129,1.08032,,,,,0.00887891241917528,43.16043690834242,37.87853751281841,,,,
1731016800,1.0806,1.0806,1.06868,1.07186,,,,,0.009284390763285234,37.803896263734934,38.504196999435166,,,,
1731276000,1.071,1.0728,1.06286,1.0656,,,,,0.009371805328180544,34.40164463151754,38.96879091807765,,,,
1731362400,1.0654,1.06632,1.0595,1.06238,,,,,0.009031564617756449,32.76804143580519,39.40145909119381,,,,
1731448800,1.06226,1.06546,1.05558,1.05642,,,,,0.009144689335388938,29.934590111808774,39.04348100183096,,,,
1731535200,1.05632,1.05825,1.04963,1.05299,,,,,0.009074730757337059,28.411944705496637,38.7704411120522,28.411944705496637,28.411944705496637,,
1731621600,1.05304,1.0593,1.05164,1.054,,,,,0.008886099989692118,29.548337944188106,38.38619814666357,,,,
1731880800,1.05306,1.06072,1.05304,1.05985,,,,,0.008725286657733186,35.89571519683919,38.3744103479188,,,35.89571519683919,
1731967200,1.05992,1.06012,1.05234,1.05962,,,,,0.008599248436702081,35.75930438824457,37.89955357495929,,,,
1732053600,1.05945,1.06098,1.05068,1.05436,,,,,0.008826015311808467,32.69888008155053,36.9191095752283,,,,
1732140000,1.05427,1.0555,1.04622,1.04746,,,,,0.008886546603567361,29.171883193778086,36.09296568094771,,,,
1732226400,1.04742,1.04981,1.03319,1.04186,,,,,0.009917673723091694,26.658643742203154,34.65171537902832,26.658643742203154,,,
1732485600,1.04786,1.05304,1.0449,1.04966,,,,,0.010085983893346131,35.05184231238209,33.3579142922155,,,,
1732572000,1.04942,1.05448,1.0425,1.04894,,,,,0.010338519374233327,34.657567336408604,33.28019487516425,,,,
1732658400,1.04876,1.05877,1.04744,1.05667,,,,,0.010470716791002225,42.17754533289006,33.209988334060505,,,,
1732744800,1.05652,1.05698,1.05275,1.0555,,,,,0.00963862121886859,41.400901110301184,33.46691725167238,,,,
1732831200,1.05522,1.05973,1.05414,1.05778,,,,,0.009098805056352776,43.58111442252303,34.12259366531563,,,,
1733090400,1.05687,1.05706,1.04606,1.04989,,,,,0.009448297715505732,38.2742115203648,34.515891528498464,,,,
1733176800,1.04985,1.05351,1.04806,1.05097,,,,,0.008915191353438295,39.362676029050725,35.18932623687289,,,,
1733263200,1.05076,1.05442,1.04723,1.05102,,,,,0.008685165839646496,39.41594041559732,35.97532593045151,,,,
1733349600,1.05106,1.05897,1.0508,1.05877,,,,,0.008616477061026966,47.16322619054223,37.23353223376251,,,47.16322619054223,
1733436000,1.05884,1.063,1.05424,1.05673,,,,,0.008635613452890021,45.5133800577689,37.92050829525749,,,,
1733695200,1.05593,1.05944,1.05322,1.05538,,,,,0.008313531659171336,44.40631546201221,38.53815194338375,,,,
1733781600,1.05551,1.05683,1.04985,1.05276,,,,,0.008135727437948489,42.2580142950026,39.22094724434462,,,,
1733868000,1.05276,1.05394,1.04802,1.0496,,,,,0.00784029711288871,39.75960839155004,39.97721332989976,,,,
1733954400,1.0496,1.0531,1.04638,1.04666,,,,,0.007690924164503527,37.536055446769524,40.75417130879735,,,,
1734040800,1.04702,1.05243,1.04532,1.05025,,,,,0.007613467609236383,41.81510607641231,41.23726157765666,,,,
1734300000,1.04894,1.05248,1.04746,1.05108,,,,,0.007267671928004869,42.79088531430265,41.81821286179195,,,,
1734386400,1.0511,1.05344,1.04792,1.04916,,,,,0.007034649004270883,41.07485412981536,41.73944920442947,,,,
1734472800,1.04926,1.05129,1.03439,1.03497,,,,,0.008350029137034783,31.136585364073696,41.00628379398465,31.136585364073696,,,
1734559200,1.03537,1.04224,1.03475,1.03634,,,,,0.008235358585430145,32.826464976564154,40.23809454784473,,,,
1734645600,1.03648,1.04476,1.0343,1.04294,,,,,0.008531977440706114,40.41274150676651,40.39084668973056,,,,
1734904800,1.04316,1.04462,1.03843,1.04064,,,,,0.008219713781945318,38.769544090622574,40.34848012269998,,,,
1734991200,1.04096,1.04106,1.03836,1.03966,,,,,0.007483751944352628,38.05944845442613,40.25158783975918,,,,
1735164000,1.04042,1.043,1.03906,1.04228,,,,,0.007011251685105588,41.16216928357263,39.82294091783278,,,,
1735250400,1.04215,1.04441,1.04052,1.04266,,,,,0.006595084793758199,41.618948707990235,39.544767249991445,,,,
1735509600,1.04316,1.04584,1.03718,1.04068,,,,,0.00687040682125712,39.88159334807264,39.221572813281476,,,,
1735596000,1.04032,1.04245,1.03439,1.03533,,,,,0.007029019245089528,35.561874576209675,38.74327711908199,,,,
1735768800,1.0355,1.03759,1.02241,1.0267,,,,,0.008115816679077587,29.93023560719034,38.0411790630563,29.93023560719034,,,
1735855200,1.026,1.031,1.026,1.0309,,,,,0.0077003744552005616,35.30025559951547,37.881479073966716,,,,
1736114400,1.03057,1.0437,1.02956,1.03901,,,,,0.008558991194507159,44.19396013888296,38.051397221286045,,,44.19396013888296,
1736200800,1.0385,1.04345,1.03396,1.03404,,,,,0.008683125701906205,40.51817415652145,37.88906071001596,,,,
1736287200,1.03425,1.03577,1.02732,1.03188,,,,,0.008652042274985387,38.99995842414379,37.74085387389657,,,,
1736373600,1.03166,1.03216,1.02836,1.02998,,,,,0.008005103304987339,37.66310356697808,38.2070337455326,,,,
1736460000,1.03008,1.0312,1.02128,1.02442,,,,,0.008260422864322351,33.9911907054837,38.290228440455415,,,,
1736719200,1.02404,1.02501,1.01779,1.02434,,,,,0.008121699815746038,33.93991791805928,37.8278838984049,33.93991791805928,33.93991791805928,,
1736805600,1.02448,1.03086,1.02385,1.03082,,,,,0.00797347317364659,41.62138290665034,38.031586670978314,,,,
1736892000,1.03048,1.03548,1.02583,1.02904,,,,,0.008197010083827037,40.23729583414102,38.18714719810081,,,,
1736978400,1.02875,1.03152,1.02608,1.0302,,,,,0.00782940873931675,41.60024789392848,38.21843852741194,,,,
1737064800,1.02978,1.03308,1.02653,1.02718,,,,,0.007658820907407857,39.100120856251166,38.038522252287734,,,,
1737324000,1.02825,1.04345,1.02664,1.0417,,,,,0.008878978119753475,53.553350572433516,39.01507633974207,,,,
1737410400,1.04131,1.04356,1.03417,1.0429,,,,,0.008947114370453013,54.514131295807026,40.36880896257046,,,,
1737496800,1.04274,1.04574,1.03922,1.04102,,,,,0.00862349912105926,52.67572418030948,41.99348671779325,,,,
1737583200,1.04125,1.0438,1.03721,1.04156,,,,,0.008352365904918039,53.16429803665865,43.26948974901777,,,,
1737669600,1.04169,1.05215,1.04116,1.04953,,,,,0.008704050450928945,59.766428190649144,44.3818088955725,,,59.766428190649144,
1737928800,1.04808,1.05333,1.04539,1.04921,,,,,0.00860217705747176,59.40435060482393,45.730821499022674,,,,
1738015200,1.04929,1.0494,1.04138,1.04307,,,,,0.008524553449808878,52.795251310909016,46.71619956236305,,,,
1738101600,1.04288,1.04438,1.03824,1.042,,,,,0.008206612989834366,51.71544860783733,47.719938493853,,,,
1738188000,1.04197,1.04678,1.03862,1.03923,,,,,0.008200397924523109,48.925686618010516,48.78668820189063,,,,
1738274400,1.03954,1.0434,1.035,1.0361,,,,,0.00822701153458672,45.91184221223265,49.64182565147444,,,,
1738533600,1.02454,1.03502,1.02105,1.03428,,,,,0.009136743329975158,44.20661258508375,49.826484914219684,,,,
1738620000,1.0338,1.03877,1.02719,1.03788,,,,,0.00946251088597846,48.29722035410334,50.40219380850271,,,,
1738706400,1.03758,1.04432,1.03696,1.04028,,,,,0.009182176101181307,50.882654165621744,51.06522282790937,,,,
1738792800,1.04049,1.0406,1.03526,1.0383,,,,,0.00866988595435712,48.71819520883292,51.752228138808064,,,,
1738879200,1.03858,1.04134,1.03052,1.0327,,,,,0.008956567827109482,43.13005687108993,51.00770716014067,,,,
1739138400,1.02925,1.03366,1.02838,1.0307,,,,,0.008466358783494879,41.30769921537749,50.06439058296713,41.30769921537749,,,
1739224800,1.03092,1.03816,1.02922,1.03612,,,,,0.008529510945695554,47.750698035338885,49.71260300118352,,,,
1739311200,1.03621,1.04299,1.0317,1.03824,,,,,0.008897576152936149,50.05997960974181,49.490865970689455,,,,
1739397600,1.03848,1.04674,1.03732,1.04648,,,,,0.008967232665877994,57.8565335325455,49.354444923682045,,,,
1739484000,1.04639,1.05144,1.04471,1.0492,,,,,0.008668934977094249,60.072448185131066,49.40216617941827,,,60.072448185131066,
1739743200,1.04862,1.05065,1.04672,1.04833,,,,,0.008037076980148349,59.00379266300312,49.84563341885356,,,,
1739829600,1.04798,1.04864,1.04352,1.0446,,,,,0.007648133382795237,54.52527272650849,50.04633514161579,,,,
1739916000,1.04465,1.04615,1.04009,1.04225,,,,,0.007436382265089199,51.85480518050606,50.255557896079765,,,,
1740002400,1.04248,1.05036,1.04187,1.05014,,,,,0.0075768646297439575,59.09796684501189,51.19742394127828,,,,
1740088800,1.04976,1.05059,1.04494,1.04608,,,,,0.007319949345778088,54.550131372905774,51.936246711837,,,,
1740348000,1.0469,1.05284,1.04528,1.04682,,,,,0.007351956099674344,55.2264388860614,52.431190892691156,,,,
1740434400,1.0469,1.05194,1.04563,1.05149,,,,,0.00721302861971777,59.33854522261112,53.03518311104754,,,,
1740520800,1.05157,1.0529,1.0475,1.0485,,,,,0.006971291470422047,55.804662169004516,53.54135932248836,,,,
1740607200,1.04852,1.04926,1.03968,1.03989,,,,,0.007319119274365793,47.105058417592,53.82528800438137,,,,
1740693600,1.03998,1.042,1.036,1.03754,,,,,0.007143236704450355,45.041161674241124,54.0919638943002,45.041161674241124,,,
1740952800,1.04048,1.0504,1.03886,1.04882,,,,,0.007905471810523652,55.190094306230186,54.623349342221005,,,,
1741039200,1.04884,1.06278,1.0471,1.06258,,,,,0.008942075569120517,63.93836570526278,55.614662634758226,,,,
1741125600,1.06229,1.07968,1.0602,1.07896,,,,,0.01034713215990444,71.15718285511066,56.56470901494145,,,,
1741212000,1.07903,1.08536,1.07658,1.07854,,,,,0.010138181205250516,70.76601294479583,57.32853506920322,,,,
1741298400,1.07877,1.0889,1.07814,1.08345,,,,,0.010221090377883765,72.65830845624967,58.30385762586369,,,,
1741554000,1.08302,1.08747,1.0805,1.08362,,,,,0.009787611660832585,72.72413961209105,59.60377668911958,,,,
1741640400,1.08341,1.09472,1.08324,1.09194,,,,,0.010013263439388232,75.79569157871413,61.3138400032773,,,75.79569157871413,
1741726800,1.09202,1.09322,1.08757,1.08875,,,,,0.009431494980803156,72.42795827692811,62.265982248414176,,,,
1741813200,1.08899,1.08973,1.08226,1.08524,,,,,0.009169962316696081,68.80538865685406,63.28421491155333,,,,
1741899600,1.08502,1.09127,1.08306,1.08789,,,,,0.00904196734113661,70.02438402400435,64.34121099283497,,,,
1742158800,1.08812,1.09299,1.08686,1.09226,,,,,0.008653705028985059,71.96961754897184,65.24343044471789,,,,
1742245200,1.09224,1.09548,1.08926,1.0944,,,,,0.0083292110251204,72.89716341836743,66.46432339110095,,,,
1742331600,1.09446,1.09462,1.08606,1.09022,,,,,0.008359982888437667,68.15321547392756,67.96776318083921,,,,
1742418000,1.09032,1.09174,1.08146,1.08534,,,,,0.00861598516997929,62.9986862958126,69.25044351095144,,,,
1742504400,1.08525,1.08614,1.07969,1.08155,,,,,0.008327187147315394,59.2506820272945,69.54048549102747,,,,
1742763600,1.08156,1.08583,1.07816,1.08012,,,,,0.008239562194340017,57.8521588617753,69.10575643077836,,,,
1742850000,1.08013,1.08302,1.0777,1.07918,,,,,0.00785028723509468,56.90138841543147,68.08748539937271,,,,
1742936400,1.0794,1.08029,1.07439,1.07528,,,,,0.007590248937082059,53.00890831755385,66.81912078314113,53.00890831755385,,,
1743022800,1.07578,1.08212,1.0733,1.0802,,,,,0.007754215745471124,57.00475776170058,65.70101001924478,,,,
1743109200,1.0799,1.08448,1.07646,1.08308,,,,,0.007789653646074993,59.19225850718445,64.73444708318002,,,,
1743368400,1.08281,1.08495,1.0784,1.08154,,,,,0.007624366493265001,57.507396141139665,63.428140266210406,,,,
1743454800,1.08186,1.083,1.07783,1.07926,,,,,0.007297117627496321,55.01081103012774,62.18405832001038,,,,
1743541200,1.07919,1.09244,1.07802,1.08565,,,,,0.008246835277163491,60.22284337636005,61.571019371403665,,,,
1743627600,1.08449,1.11464,1.08052,1.10512,,,,,0.011696590573541712,71.17899137736372,61.65349132521505,,,,
1743714000,1.10526,1.11078,1.09242,1.09645,,,,,0.012585045163736172,62.87410322328528,61.00381173052315,,,,
1743973200,1.08926,1.10502,1.08814,1.09066,,,,,0.01315770580857132,58.006628222149686,59.94020207365046,,,,
1744059600,1.09068,1.0992,1.08883,1.09586,,,,,0.01278601170076181,60.93188407497421,59.424392688010926,,,,
1744146000,1.09565,1.10952,1.09134,1.09484,,,,,0.013505210140660246,60.04826499464385,59.21364830935602,,,,
1744232400,1.09513,1.12418,1.09432,1.12019,,,,,0.015685848788572213,71.21913125164787,60.06853753966697,,,,
1744318800,1.11947,1.14739,1.11902,1.13599,,,,,0.017377068950095918,75.7671258604209,61.34817803957022,,,75.7671258604209,75.7671258604209
1744578000,1.13214,1.14247,1.1296,1.13493,,,,,0.016776126423416485,74.9118620490385,62.634640441970724,,,,
1744664400,1.13479,1.13792,1.1264,1.1282,,,,,0.01607530956696095,69.544327170499,63.81574178860967,,,,
1744750800,1.12832,1.1413,1.1281,1.13986,,,,,0.015691934958032807,73.1357546238053,64.96795585018859,,,,
1744837200,1.13994,1.14094,1.13352,1.13646,,,,,0.014589010296961764,70.52418258081262,65.77737899830488,,,,
1744923600,1.13673,1.13978,1.13592,1.1395,,,,,0.013158475590700191,71.50397897412621,66.77713491494677,,,,
1745182800,1.13973,1.15734,1.13958,1.15127,,,,,0.013782678845273509,74.97271520810749,68.20298521337389,,,74.97271520810749,74.97271520810749
1745269200,1.15135,1.15475,1.14175,1.14209,,,,,0.013678321665903694,68.01825477434231,68.75980031322976,,,,
1745355600,1.14234,1.14401,1.1308,1.13151,,,,,0.013615878777116527,60.99581665003637,68.03243068984925,,,,
1745442000,1.13192,1.13982,1.13166,1.13892,,,,,0.012908428273500996,63.813704989071056,68.09954510169109,,,,
1745528400,1.13864,1.1394,1.13156,1.13636,,,,,0.012232637837034205,62.14333159460242,68.39502391400914,,,,
1745787600,1.13658,1.1425,1.13296,1.1422,,,,,0.011873619458762991,64.43068203277903,68.64493805385236,,,,
1745874000,1.14221,1.14222,1.13704,1.13846,,,,,0.010981136864261254,61.853198401869975,68.77386186865422,,,,
1745960400,1.13881,1.13998,1.13172,1.13291,,,,,0.010618318615693078,58.136493460916455,67.83938774074484,,,,
1746046800,1.13293,1.13412,1.12658,1.1291,,,,,0.010207876133600682,55.663717301330465,66.4034299865241,,,,
1746133200,1.129,1.13811,1.12742,1.13005,,,,,0.01027215931578724,56.16438137004247,65.06432422373867,,,,
1746392400,1.13062,1.1365,1.12962,1.1315,,,,,0.009819871407015608,56.96321447226221,64.16567331672175,,,,
1746478800,1.13146,1.13813,1.12798,1.13702,,,,,0.009863888552746874,59.95501610755491,63.22419199413245,,,,
1746565200,1.13697,1.13784,1.12919,1.13023,,,,,0.009702036745713963,54.899380190036794,62.10813468050559,,,,
1746651600,1.13082,1.13364,1.1212,1.1229,,,,,0.010067098512952103,49.99796514219195,60.57199083536744,,,,
1746738000,1.12252,1.1293,1.11967,1.12486,,,,,0.01000881871122516,51.25126268911437,58.87760136972507,,,,
1746997200,1.12019,1.12428,1.10654,1.10876,,,,,0.011116976216395125,41.94980621544271,57.01556932980367,41.94980621544271,,,
1747083600,1.10918,1.11949,1.10876,1.11848,,,,,0.011065379387542458,48.07661666148231,56.09276933062123,,,,
1747170000,1.11866,1.1266,1.11646,1.1173,,,,,0.010941995469203469,47.422261612002735,54.92195194654492,,,,
1747256400,1.11799,1.12283,1.11703,1.11863,,,,,0.010256396073309677,48.27677616614312,53.931483701654976,,,,
1747342800,1.11904,1.12196,1.11311,1.11654,,,,,0.01006887659686839,46.98451110184034,52.68532863515935,,,,
1747602000,1.11788,1.12884,1.11714,1.1242,,,,,0.010366359717285936,52.05050378318223,51.98513616239594,,,,
1747688400,1.1241,1.1286,1.1218,1.12837,,,,,0.009890845088314497,54.59419913376734,51.732115139028146,,,,
1747774800,1.12828,1.13629,1.12804,1.13312,,,,,0.009672065743205909,57.368502049990795,51.85388547821817,,,,
1747861200,1.13299,1.1345,1.12556,1.12804,,,,,0.009574456977445144,53.59680967689855,51.67048750013647,,,,
1747947600,1.12807,1.13759,1.1279,1.13649,,,,,0.009589862713785818,58.48598057104484,51.77925650719237,,,,
1748206800,1.13672,1.14189,1.13624,1.13878,,,,,0.009064547685281064,59.72446943081288,51.76278888742508,,,,
1748293200,1.13856,1.14075,1.13233,1.13282,,,,,0.008978607993910238,55.11586523835986,51.778252105162444,,,,
1748379600,1.13326,1.13452,1.12839,1.12918,,,,,0.008598793594722202,52.453711449954874,51.95366255571694,52.453711449954874,,,
1748466000,1.12938,1.13848,1.12105,1.13666,,,,,0.009776287782092554,57.04519621767935,52.36751495061444,,,,
1748552400,1.13718,1.139,1.13126,1.13478,,,,,0.009504782744480224,55.592112493069884,53.341965399016374,,,,
1748811600,1.13491,1.14499,1.1347,1.14435,,,,,0.009609478378549516,61.033412881158426,54.26745084327895,,,61.033412881158426,
1748898000,1.14404,1.14548,1.13641,1.13704,,,,,0.009537547928076266,55.44492269579884,54.84049806355011,,,,
1748984400,1.13731,1.14346,1.13572,1.1418,,,,,0.00929787487099941,58.13318137747399,55.544527007216594,,,,
1749070800,1.14171,1.14951,1.14046,1.14444,,,,,0.00926482488819949,59.58947842459256,56.44488181598461,,,,
1749157200,1.14456,1.14574,1.13716,1.13966,,,,,0.009173514903106228,55.80454510035043,56.713027624353764,,,,
1749416400,1.13992,1.14394,1.13865,1.14208,,,,,0.008655712916025399,57.283834227491155,56.90514441676261,,,,
1749502800,1.14224,1.14478,1.13729,1.14262,,,,,0.008500284527222013,57.62467502732127,56.92344248657192,,,,
1749589200,1.14266,1.14997,1.14054,1.1488,,,,,0.008624246590259056,61.418822357797104,57.482157678064674,,,,
1749675600,1.14861,1.16319,1.14854,1.1585,,,,,0.009427680378224522,66.4903518920485,58.053898486707794,,,66.4903518920485,
1749762000,1.15848,1.16146,1.14889,1.1551,,,,,0.009846656327794582,63.34708002010318,58.312656385942816,,,,
1750021200,1.15332,1.16148,1.15237,1.15609,,,,,0.009748435484088661,63.882484673495235,58.93884348845249,,,,
1750107600,1.15653,1.15809,1.14748,1.14807,,,,,0.00986331075287684,56.66166127680395,59.239411333227416,56.66166127680395,,,
1750194000,1.14813,1.15302,1.14608,1.1481,,,,,0.009473535985826589,56.681386005862265,59.2134248895262,,,,
1750280400,1.14794,1.15002,1.14463,1.14966,,,,,0.00892906452104971,57.75802723316166,59.36813308524704,,,,
1750366800,1.14941,1.1544,1.14916,1.15222,,,,,0.008437189251576434,59.53537347432274,59.26113027047307,,,,
1750626000,1.1457,1.15818,1.14536,1.15786,,,,,0.009021564018032916,63.20821760342666,59.81565133530363,,,,
1750712400,1.15786,1.16417,1.15746,1.16084,,,,,0.008713355482295194,65.01509823939557,60.30721682544088,,,,
1750798800,1.16114,1.16652,1.15901,1.16598,,,,,0.008552908084655822,67.93976799974278,60.903666080808755,,,,
1750885200,1.1658,1.17453,1.16544,1.17016,,,,,0.00862452034003505,70.12689680900843,61.92669120285575,,,,
1750971600,1.16998,1.1754,1.1681,1.17185,,,,,0.008447917628030389,70.98862657732968,62.905604942129926,,,,
1751230800,1.1731,1.17886,1.1708,1.1788,,,,,0.008396195277626332,74.27508061307637,64.09491962682672,,,,
1751317200,1.17847,1.18299,1.17614,1.18058,,,,,0.008190035907276157,75.05450028499146,65.06889662162632,,,75.05450028499146,
1751403600,1.18024,1.181,1.17468,1.1799,,,,,0.007940697786306017,74.13046688495339,65.61461912111953,,,,
1751490000,1.17967,1.18101,1.17174,1.17574,,,,,0.008117938081465199,68.56878094324954,65.98759775848713,,,,
1751576400,1.17596,1.17876,1.17534,1.17774,,,,,0.007491546337269836,69.74406189515904,66.40628184574884,,,,
1751835600,1.17857,1.17902,1.16865,1.17086,,,,,0.00787534015896719,61.258339526942365,66.734616006473,,,,
1751922000,1.17096,1.17654,1.16824,1.17256,,,,,0.007931961471104894,62.47331347973253,67.14832511174946,,,,
1752008400,1.17211,1.17294,1.16897,1.17218,,,,,0.007403699941624245,62.00521598160847,67.45169573663851,,,,
1752094800,1.17188,1.17497,1.16624,1.17006,,,,,0.007580539949407696,59.33415685207364,67.43732312076357,,,,
1752181200,1.1699,1.17142,1.16648,1.16911,,,,,0.00722846795615333,58.12579607664408,67.07429301170767,,,,
1752440400,1.16702,1.16978,1.16543,1.16656,,,,,0.00684467222866623,54.89418249873085,66.35137045880305,,,,
1752526800,1.1665,1.16928,1.15929,1.16024,,,,,0.0072640492648440875,47.80088707750057,64.91287896435718,,,,
1752613200,1.15998,1.17217,1.15624,1.16417,,,,,0.008419509362864876,51.95809812919502,63.615107630084786,,,,
1752699600,1.16372,1.16426,1.15569,1.15976,,,,,0.008439574781149555,47.39651031439984,61.929956468446946,47.39651031439984,,,
1752786000,1.1594,1.16722,1.15938,1.16255,,,,,0.008359631476996261,50.36542294128341,60.22212377760459,,,,
1753045200,1.16297,1.17168,1.16147,1.16956,,,,,0.008606347280063433,56.941150093039205,58.928313049608,,,,
1753131600,1.16928,1.17608,1.16788,1.17544,,,,,0.00855216764272164,61.5434391635544,58.029239640936645,,,,
1753218000,1.17544,1.17752,1.1711,1.1773,,,,,0.00826787862369207,62.894485448275155,57.62393281986704,,,62.894485448275155,
1753304400,1.17702,1.17888,1.17306,1.1749,,,,,0.007941494807199785,59.96699779331141,56.9255710983065,,,,
1753390800,1.17394,1.1761,1.1703,1.17417,,,,,0.007655962166239818,59.066423633462826,56.76900567734368,,,,
1753650000,1.17558,1.17706,1.15853,1.15887,,,,,0.009105833877407833,44.11335008476607,55.45757972056036,,,,
1753736400,1.15912,1.15994,1.1519,1.15454,,,,,0.008963722693753461,40.95353047940874,53.953887898974656,,,,
1753822800,1.15474,1.15728,1.1401,1.14055,,,,,0.01005922633458636,32.782921843671545,52.05737111266023,32.782921843671545,,,
1753909200,1.14066,1.14608,1.14033,1.14148,,,,,0.009484662823308168,33.72945003598913,50.31477496689916,,,,
1753995600,1.14172,1.15971,1.13916,1.15874,,,,,0.010960041113533754,48.28459093996638,49.842661284130266,,,,
1754254800,1.15924,1.1597,1.15496,1.15726,,,,,0.010130702298395916,47.32477056710164,49.80865296195891,,,,
1754341200,1.15704,1.1588,1.15278,1.15752,,,,,0.009582608658609812,47.52212820453521,49.491797967340354,,,,
1754427600,1.15742,1.16686,1.15643,1.16602,,,,,0.009695594170795163,53.63777049615964,49.93760226603748,,,,
1754514000,1.16577,1.16988,1.1611,1.1664,,,,,0.009573514948022476,53.89644263396674,50.18981795837201,,,,
1754600400,1.16654,1.16794,1.1629,1.16416,,,,,0.008969046288286138,52.05279262743616,49.84064956797179,,,,
1754859600,1.16496,1.16756,1.15902,1.1616,,,,,0.008911840116514651,49.94984176392006,49.01253546799791,,,,
1754946000,1.16147,1.16974,1.15988,1.16732,,,,,0.009038261434312696,54.38429639420538,48.40466482127863,,,,
1755032400,1.16804,1.17303,1.16692,1.17049,,,,,0.008647826576404343,56.67526226914866,48.16954085526701,,,56.67526226914866,
1755118800,1.17058,1.17153,1.1631,1.16488,,,,,0.008618783032883756,51.7243256997217,47.64510528857121,,,,
1755205200,1.16502,1.17154,1.16462,1.1705,,,,,0.00839227862849926,55.88215147017979,48.4857339589579,,,,
1755464400,1.17133,1.17162,1.1656,1.16612,,,,,0.008075974811366043,52.11491849171344,49.28297595983681,,,,
1755550800,1.16617,1.16929,1.16392,1.16465,,,,,0.007715178169850554,50.87531057221192,50.57528944044684,,,,
1755637200,1.16482,1.16739,1.16222,1.165,,,,,0.007375821080537134,51.173105144918075,51.82126480537033,,,,
1755723600,1.16531,1.16629,1.16012,1.16064,,,,,0.007215044936465517,47.32447732250795,51.75268526126616,47.32447732250795,,,
1755810000,1.16066,1.17428,1.1583,1.17219,,,,,0.008383705611603433,56.6298760394368,52.41733565214724,,,56.6298760394368,56.6298760394368
1756069200,1.17236,1.17284,1.16028,1.16204,,,,,0.008940544863389658,48.51837671355269,52.48849625993421,,,,
1756155600,1.16189,1.16654,1.16022,1.16408,,,,,0.008591138881604355,50.06646818793239,52.233403237917976,,,,
1756242000,1.16457,1.1648,1.1574,1.16376,,,,,0.008432320364057118,49.81342463256161,51.94175909496046,,,,
1756328400,1.16376,1.16975,1.1629,1.16825,,,,,0.008221344315516172,53.37428447839568,52.036151370029,,,,
1756414800,1.16824,1.1709,1.16508,1.16858,,,,,0.007901165073447371,53.63466768925179,52.299353221838416,,,,
1756674000,1.1696,1.17365,1.16868,1.17114,,,,,0.0075236763969877395,55.70141795626317,52.393433333413974,,,,
1756760400,1.17094,1.17183,1.1613,1.16424,,,,,0.00792451954405603,49.320073998964176,51.868062742686504,49.320073998964176,,,
1756846800,1.16422,1.16822,1.16082,1.16612,,,,,0.00785458360484857,50.96829829315165,51.81406078507435,,,,
1756933200,1.16618,1.16696,1.163,1.16507,,,,,0.007335305790868756,49.99042341865896,51.39322306710858,,,,
1757019600,1.16494,1.17596,1.1648,1.1718,,,,,0.0078452650187529,55.83878975999615,51.65921387198591,,,,
1757278800,1.1714,1.17658,1.17036,1.17633,,,,,0.0076285630162525,59.28984542188892,52.26025207553427,,,59.28984542188892,
1757365200,1.17619,1.17801,1.17039,1.1711,,,,,0.007627421280752162,54.03925082762787,52.46497676715641,,,,
1757451600,1.17096,1.1731,1.16825,1.16943,,,,,0.007257098443318543,52.44223640371159,52.830530987242376,,,,
1757538000,1.16954,1.17461,1.16606,1.17354,,,,,0.007429485317542716,55.8967001420908,52.77816128028909,,,,
1757624400,1.17333,1.17478,1.1701,1.17352,,,,,0.007062887275203689,55.87543085385888,53.30366514745382,,,,
1757883600,1.17331,1.17746,1.17162,1.17609,,,,,0.006899835638509843,58.08266429983424,53.87625058401824,,,,
1757970000,1.17634,1.18784,1.17574,1.18668,,,,,0.007593190886708531,65.69722087320818,55.01080745835015,,,65.69722087320818,
1758056400,1.18606,1.19188,1.18078,1.18126,,,,,0.008060765435147409,59.71800482348482,55.463930340142234,,,,
1758142800,1.18127,1.18484,1.17501,1.17861,,,,,0.008296663377127726,56.987108935147056,55.70339042913475,,,,
1758229200,1.17889,1.17928,1.17288,1.17472,,,,,0.008043774926844053,53.14515673708436,55.520800342050556,,,,
1758488400,1.17385,1.18032,1.17262,1.18025,,,,,0.007997938269931518,57.52875309085834,56.10713456290013,,,,
1758574800,1.1798,1.182,1.1779,1.18148,,,,,0.007478213167273981,58.459669485288416,56.642232505195615,,,,
1758661200,1.18139,1.18194,1.17282,1.1738,,,,,0.0076971180783041195,50.95030405222472,56.710795407593174,,,,
1758747600,1.17395,1.1754,1.16456,1.1666,,,,,0.008116169001196898,45.10118100519764,55.94382335367899,45.10118100519764,,,
1758834000,1.16615,1.17074,1.16582,1.17002,,,,,0.00769001313437062,48.14628511874422,55.14785476059723,,,,
1759093200,1.1703,1.17546,1.1702,1.17267,,,,,0.0073900113831211894,50.44017900776162,54.89077820203535,,,,
1759179600,1.1727,1.17618,1.17122,1.17336,,,,,0.007066009865371707,51.047414273762705,54.79114804989615,,,,
1759266000,1.17356,1.17787,1.17155,1.17312,,,,,0.00696654188332213,50.814197831851835,54.42811217059336,,,,
1759352400,1.17308,1.17584,1.16832,1.17165,,,,,0.007040336298879176,49.32769076579774,53.96041645001757,,,,
1759438800,1.17146,1.17594,1.17146,1.17429,,,,,0.0066989581256952915,52.04114195015385,53.5288791393261,,,52.04114195015385,
1759698000,1.17266,1.17309,1.16518,1.17134,,,,,0.00702043037560258,48.89063960023864,52.328409048399706,,,,
1759784400,1.17102,1.17155,1.16477,1.16585,,,,,0.006988372992188904,43.60058322154073,51.17716464826084,,,,
1759870800,1.16568,1.16614,1.15984,1.1628,,,,,0.006896589926563713,40.94966051197327,50.03163261803415,,,,
1759957200,1.1627,1.16483,1.1542,1.15648,,,,,0.007394377936355236,36.05748409358627,48.81108457207,36.05748409358627,,,
1760043600,1.1561,1.16308,1.1557,1.16224,,,,,0.0073924608781745305,42.76834444859,47.756769669050826,,,,
1760302800,1.16114,1.16299,1.15575,1.15707,,,,,0.007372132761084582,38.82921843963947,46.35459459436162,,,,
1760389200,1.15704,1.16152,1.15424,1.16079,,,,,0.007359848392939994,42.90413895165326,45.77986851574938,,,,
1760475600,1.16078,1.16478,1.16019,1.16466,,,,,0.006990535273881312,46.86940643327619,45.9061703320407,,,,
1760562000,1.16458,1.16942,1.1643,1.16877,,,,,0.0067411305706971385,50.7790185418101,46.094222719402545,,,50.7790185418101,
1760648400,1.16857,1.17285,1.16502,1.16511,,,,,0.006886313161270854,47.431810887704636,45.87933928225562,,,,
1760907600,1.1667,1.16756,1.16382,1.16413,,,,,0.006466804739768055,46.54706144875526,45.55788550904081,,,,
1760994000,1.16426,1.16553,1.15977,1.16,,,,,0.006372564107798979,42.91411180779041,44.99359365017928,,,,
1761080400,1.15998,1.16226,1.1577,1.161,,,,,0.006130888893425798,44.05273647976258,44.61681120117676,,,,
1761166800,1.16124,1.16202,1.15854,1.16181,,,,,0.005777437040969045,45.00950993925127,44.114551771826584,,,,
1761253200,1.16168,1.16503,1.16009,1.16254,,,,,0.005665778768839832,45.907333881353395,43.90145850619192,,,,
1761512400,1.16358,1.1652,1.16178,1.1645,,,,,0.005366341599661185,48.34585576814554,44.240406545235125,,,,
1761598800,1.16456,1.16688,1.16256,1.16522,,,,,0.0052268293863730105,49.25091621336869,44.833353381049086,,,49.25091621336869,
1761685200,1.1651,1.16659,1.15776,1.16006,,,,,0.0057072521348566245,43.38407130328022,45.35668103888437,,,,
1761771600,1.1601,1.16374,1.1547,1.15653,,,,,0.0061516185168757325,39.883838505249855,45.15064490007436,,,,
1761858000,1.15673,1.15776,1.15216,1.15363,,,,,0.006078069381292278,37.226614640519074,45.036173200137185,,,,
1762120800,1.15317,1.15414,1.15052,1.1519,,,,,0.005750326797119969,35.69864165796308,44.52149482201646,,,,
1762207200,1.152,1.15337,1.14732,1.14826,,,,,0.0057902832241706545,32.66103178478542,43.50661091855284,32.66103178478542,,,
1762293600,1.14834,1.14981,1.14686,1.14925,,,,,0.005411578794281235,34.29850443210451,42.32943133928815,,,,
1762380000,1.14913,1.15523,1.14907,1.15471,,,,,0.005511368288377063,42.59007343436636,41.98359294976399,,,,
1762466400,1.1545,1.15911,1.15296,1.15664,,,,,0.005596519183260134,45.22167167930735,41.888922251946276,,,,
1762725600,1.15578,1.15831,1.15412,1.15571,,,,,0.005408983292158771,44.17096898433749,41.978697764556784,,,,
1762812000,1.15564,1.16059,1.15472,1.15825,,,,,0.005470452186537607,47.742214337662,42.242231897263885,,,,
1762898400,1.1587,1.15977,1.1563,1.15932,,,,,0.005203725228332574,49.215956866732945,42.54269239208401,,,,
1762984800,1.1593,1.16562,1.1579,1.16345,,,,,0.005539228531221587,54.5444947749565,43.1596324559128,,,54.5444947749565,
1763071200,1.16372,1.16538,1.1606,1.1622,,,,,0.005437998060392043,52.740763469796846,43.47355443460218,,,,
1763330400,1.16199,1.16246,1.1582,1.15923,,,,,0.0052809316523397916,48.62621218387467,43.42893271820975,,,,
1763416800,1.15923,1.16078,1.15715,1.15807,,,,,0.005060807432027822,47.08127610102352,43.69301877519142,,,,
1763503200,1.15818,1.15975,1.15178,1.15384,,,,,0.005448699774424116,41.858613435512616,43.83407412735304,,,,
1763589600,1.1539,1.155,1.15024,1.15285,,,,,0.005356873137834247,40.72011546368234,44.08360990043614,,,,
1763676000,1.15275,1.15525,1.14912,1.1513,,,,,0.005459956719456373,38.93459720334591,44.31474958224919,38.93459720334591,,,
1763935200,1.15193,1.15506,1.15019,1.15216,,,,,0.005381295823528847,40.49368225859547,44.87422461609277,,,,
1764021600,1.15218,1.15861,1.15116,1.15697,,,,,0.005657123047058329,48.42499649968645,45.88325976377718,,,,
1764108000,1.15706,1.16009,1.15471,1.15963,,,,,0.005620173307450573,52.217873810803425,46.57095979066555,,,,
1764194400,1.15935,1.16136,1.15766,1.1596,,,,,0.005364150199790502,52.171273880064184,47.06735994786247,,,,
1764280800,1.15962,1.16076,1.15553,1.15985,,,,,0.00534626350648511,52.55128298122344,47.665953804782895,,,,
1764540000,1.15938,1.16526,1.15894,1.16092,,,,,0.005476095038953747,54.227529876070136,48.12919062895491,,,,
1764626400,1.16104,1.1626,1.15912,1.16254,,,,,0.005209949033759934,56.72047065619381,48.66522732820211,,,,
1764712800,1.16242,1.16778,1.16211,1.16714,,,,,0.005271289162591951,62.89943435323081,49.26200872665027,,,,
1764799200,1.16716,1.1682,1.1641,1.16449,,,,,0.005115117274246357,57.78150063971235,49.622061381644244,,,,
1764885600,1.16464,1.16718,1.1628,1.16438,,,,,0.005017101637680183,57.57209352469502,50.26105290598856,,,,
1765144800,1.16401,1.16722,1.16165,1.1637,,,,,0.005090821419322806,56.215774888061254,50.91351710506269,,,,
1765231200,1.16352,1.16573,1.16151,1.16266,,,,,0.004974711896746417,54.1159452293029,51.78904080461914,54.1159452293029,,,
1765317600,1.16275,1.16998,1.16216,1.16958,,,,,0.005354083643846886,63.80412840620002,53.43789887194183,,,,
1765404000,1.16928,1.17628,1.16823,1.17386,,,,,0.0057135391580006205,68.26699684884483,55.53307027519175,,,,
1765490400,1.17388,1.17498,1.17196,1.17403,,,,,0.005354400603600541,68.43348049596092,57.52877014928929,,,,
1765749600,1.1733,1.1769,1.17265,1.17539,,,,,0.005207147189787147,69.79857437894792,59.055454283522245,,,69.79857437894792,
1765836000,1.17521,1.18042,1.17346,1.1748,,,,,0.005440860897815538,68.41630332913003,60.21248496340272,,,,
1765922400,1.17476,1.17582,1.17031,1.17401,,,,,0.005450079444773483,66.51680972991277,61.23716609553476,,,,
1766008800,1.17408,1.17628,1.17124,1.17236,,,,,0.005395402185470343,62.60710984243845,61.95543944276441,,,,
1766095200,1.17203,1.17378,1.17024,1.17096,,,,,0.005148015227407644,59.41598296709978,62.32604323498081,59.41598296709978,,,
1766354400,1.17196,1.17694,1.17064,1.17619,,,,,0.00530161319708665,66.32196568891514,63.01186430874662,,,,
1766440800,1.1758,1.18022,1.17571,1.17934,,,,,0.005196064770808432,69.66962868154091,63.49544961791162,,,69.66962868154091,69.66962868154091
1766527200,1.17927,1.1808,1.17726,1.1777,,,,,0.004975256134700654,65.99170812929674,64.0818930100248,,,,
1766700000,1.17805,1.17968,1.17616,1.1771,,,,,0.004781221983407229,64.64708711403873,64.58724969497791,,,,
1766959200,1.1768,1.17891,1.17494,1.17726,,,,,0.00467305905228624,64.85274970115432,65.2041764673417,,,,
1767045600,1.1771,1.17798,1.17434,1.1748,,,,,0.004535317845314753,59.15478469860045,65.56409357229153,,,,
1767132000,1.17466,1.17595,1.172,1.17459,,,,,0.0044572754659394686,58.68080870645214,65.19814216516667,,,,
1767304800,1.17498,1.1765,1.17132,1.17196,,,,,0.004553638737147564,52.957881677949864,64.10463393867418,,,,
1767564000,1.17239,1.17288,1.16592,1.17216,,,,,0.00487448690552787,53.33062769219812,63.02585873840541,,,,
1767650400,1.17206,1.17429,1.1684,1.16888,,,,,0.0050098886514574805,46.78354538806113,61.38192809619921,,,,
1767736800,1.16865,1.17027,1.16729,1.16759,,,,,0.004739236831263148,44.47121113538705,59.67156436807471,,,,
1767823200,1.16751,1.1683,1.16426,1.16589,,,,,0.004646005253761371,41.556218905468896,57.888665023471575,,,,
1767909600,1.16574,1.16622,1.16182,1.16364,,,,,0.0046132045532598495,38.00544853904287,56.13140350180047,,,,
1768168800,1.1633,1.16985,1.16217,1.16668,,,,,0.00502211061282522,44.860702367993945,55.09174060186433,,,,
1768255200,1.167,1.1678,1.16342,1.16428,,,,,0.004936495864448531,41.00560311974509,53.28342898978076,,,,
1768341600,1.16436,1.16618,1.16353,1.16454,,,,,0.004631629749188733,41.59119441101614,51.277826541886135,,,,
1768428000,1.16469,1.16471,1.15932,1.16094,,,,,0.004732745782630236,36.228876626430484,49.15191000596712,,,,
1768514400,1.16088,1.16275,1.15845,1.15988,,,,,0.0046750463449462005,34.805917927711945,47.02039792122948,34.805917927711945,,,
1768773600,1.15802,1.16489,1.15782,1.1646,,,,,0.004994373498953362,45.13884152138518,45.61226162267455,,,,
1768860000,1.16427,1.17693,1.16326,1.17268,,,,,0.006151123699092924,57.544129236504766,45.49721480395342,,,,
1768946400,1.17245,1.1743,1.16762,1.16876,,,,,0.00622164053921384,51.464100358328395,44.981735636230304,,,,
1769032800,1.16854,1.17566,1.16698,1.17552,,,,,0.0065494218006519975,59.42570969864615,45.44372335199432,,,,
1769119200,1.17528,1.18339,1.17283,1.18277,,,,,0.007084165560565052,65.88843152340242,46.3407093399375,,,,
1769378400,1.18635,1.19072,1.1835,1.188,,,,,0.007199610152489698,69.64462919249011,47.973643897396705,,,,
1769464800,1.18767,1.20831,1.18504,1.20409,,,,,0.009342328798824392,77.75879805925561,50.35132867767303,,,77.75879805925561,
1769551200,1.20395,1.20475,1.18958,1.19538,,,,,0.010119351625647794,67.27520147481083,52.18839886119745,,,,
1769637600,1.19556,1.19966,1.19062,1.19707,,,,,0.009975438075561413,68.1718563300462,54.343142274840545,,,,
1769724000,1.19693,1.19748,1.185,1.18506,,,,,0.010309379665486564,56.35455445639401,55.16413170972627,,,,
1769983200,1.1851,1.18748,1.1776,1.17904,,,,,0.010252129043421704,51.53249514475428,55.9160525686555,,,,
1770069600,1.1788,1.18292,1.178,1.1818,,,,,0.009541178504298815,53.497124416987845,56.76647614051062,,,,
1770156000,1.18182,1.1838,1.17906,1.18055,,,,,0.008901021370392302,52.45996958064806,57.92583992295472,,,,
1770242400,1.18058,1.18218,1.1775,1.17792,,,,,0.008338218521006665,50.25246824461516,59.029164945590665,50.25246824461516,,,
1770328800,1.17776,1.18262,1.17656,1.18168,,,,,0.008034456051539103,53.27937056033303,59.61063130551552,,,,
1770588000,1.18126,1.19268,1.18097,1.19151,,,,,0.008524528578000541,60.11242469069426,59.79408098081477,,,60.11242469069426,
1770674400,1.19118,1.19288,1.18868,1.18948,,,,,0.007947924767600466,58.21878850798216,60.27655870579003,,,,
1770760800,1.18951,1.19274,1.18332,1.18714,,,,,0.008144201465253735,56.02779868800101,60.03385077645824,,,,
1770847200,1.18724,1.189,1.18524,1.18712,,,,,0.007559641269886569,56.00839746247339,59.328134057820456,,,,
1770933600,1.18681,1.18846,1.18471,1.18678,,,,,0.007051689100568378,55.655565589688926,58.328915229048945,,,,
1771192800,1.18709,1.18728,1.18464,1.18511,,,,,0.0064634638871592575,53.86079213693266,56.62191480602587,,,,
1771279200,1.18507,1.18547,1.1805,1.18536,,,,,0.006264335368871346,54.09942343204251,55.68078780297099,,,,
1771365600,1.18529,1.18578,1.17822,1.17836,,,,,0.006437090653021835,46.80062119508417,54.15427100761656,,,,
1771452000,1.17845,1.18077,1.1742,1.17716,,,,,0.006454811899285615,45.66327186635202,53.3906079654707,45.66327186635202,,,
1771538400,1.17715,1.18076,1.17434,1.17818,,,,,0.006450170312714212,46.845725344939346,53.05583869405535,,,,
1771797600,1.17963,1.18348,1.17744,1.17854,,,,,0.006395480937685657,47.281777413523585,52.611885336665054,,,,
1771884000,1.1789,1.17964,1.17662,1.17738,,,,,0.005945416812660906,45.973066277970915,52.148535100759545,,,,
1771970400,1.17734,1.18144,1.1771,1.18101,,,,,0.005731361237639453,50.58266037026464,52.17212025259165,,,,
1772056800,1.18089,1.1829,1.1774,1.17976,,,,,0.005700513072620868,49.031296015696476,51.868686356546185,,,,
1772143200,1.17972,1.1827,1.1789,1.18172,,,,,0.005447111329604755,51.54097159907034,51.25643970714447,,,51.54097159907034,
1772402400,1.17685,1.17958,1.16719,1.169,,,,,0.006658163152324142,38.34506582519435,49.83688808694535,,,,
1772488800,1.16868,1.1707,1.15303,1.16124,,,,,0.0081264080653476,32.82384245719663,48.17946264188789,32.82384245719663,,,
1772575200,1.1613,1.16549,1.15748,1.16354,,,,,0.0081108869899679,35.77557402032198,46.7342609674485,,,,
1772661600,1.16304,1.16474,1.1559,1.16086,,,,,0.008208102057972205,33.906052078351294,45.180724288067246,,,,
1772748000,1.16088,1.16214,1.15461,1.16168,,,,,0.008117688450242582,35.02485845234477,43.83530045345382,,,,
1773003600,1.1549,1.16378,1.15072,1.16372,,,,,0.008776663323543581,37.843754183989404,42.67418122145002,,,,
1773090000,1.16365,1.16672,1.16058,1.16084,,,,,0.008425108213737775,35.502049085248856,41.86714035646178,,,,
1773176400,1.16091,1.16456,1.15608,1.1567,,,,,0.008432427118572743,32.398520800447656,40.91965813746861,,,,
1773262800,1.15668,1.15745,1.15102,1.15109,,,,,0.008165436836096399,28.733039104842817,39.62589483460457,,,,
1773349200,1.1513,1.15298,1.1411,1.14164,,,,,0.008660711924616864,23.840120888859104,37.95149079712854,,,,
1773608400,1.1424,1.14566,1.14143,1.14314,,,,,0.008069950334667942,25.9943669360442,36.52444084413378,,,,